{"camera_move_speed":0.8,"map_pos":{"De":{"x":57.280464172363,"y":134.03011466333,"z":-29.992473602295},"GE":{"x":115.5837097168,"y":66.593428410938,"z":32.681655883789},"1b":{"x":26.449059039821,"y":61.226777811181,"z":-5.3406587231498},"map001":{"x":12.43072565878,"y":64.432571090573,"z":91.726950842827}}}