{"map_pos":{"GE":{"z":32.681655883789,"y":66.593428410938,"x":115.5837097168},"map_tuyet":{"z":-31.604257583618,"y":66.497490609901,"x":26.294441223145},"map_keongot":{"z":121.62703765866,"y":95.018043293282,"x":19.488619793155},"map001":{"z":91.726950842827,"y":64.432571090573,"x":12.43072565878},"De":{"z":-29.992473602295,"y":134.03011466333,"x":57.280464172363},"1b":{"z":-5.3406587231498,"y":61.226777811181,"x":26.449059039821},"de":{"z":-40.992285529622,"y":85.16561126709,"x":-232.69503391837}},"camera_move_speed":0.8}